time,symbol,bar_time,price,spread,equity,signal,vol_ann,kelly_mult,target_exposure,current_lots,target_lots,action,reason,fill_price,realized_pnl,fees,result
2026-09-12T22:23:47+00:00,XAU/USDT:USDT,2026-09-11 00:00:00+00:00,4358.26,0.35,5000.0,-0.333,0.2545,0.25,0.0,0.0,0.0,hold,,,,,
2026-09-12T22:23:49+00:00,BTC/USDT:USDT,2026-09-11 00:00:00+00:00,77258.55,0.1,5000.0,0.333,0.393,0.25,0.0,0.0,0.0,hold,,,,,
2026-09-12T22:23:50+00:00,ETH/USDT:USDT,2026-09-11 00:00:00+00:00,2524.26,0.01,5000.0,1.0,0.5288,0.25,0.047,0.0,0.0,hold,,,,,
2026-09-13T00:27:06+00:00,XAU/USDT:USDT,2026-09-12 00:00:00+00:00,4359.08,1.52,5000.0,-0.333,0.2422,0.25,0.0,0.0,0.0,hold,,,,,
2026-09-13T00:27:09+00:00,BTC/USDT:USDT,2026-09-12 00:00:00+00:00,77246.45,0.1,5000.0,-0.333,0.3738,0.25,0.0,0.0,0.0,hold,,,,,
2026-09-13T00:27:11+00:00,ETH/USDT:USDT,2026-09-12 00:00:00+00:00,2524.69,0.01,5000.0,1.0,0.503,0.25,0.149,0.0,0.0,hold,,,,,
2026-09-14T00:27:40+00:00,XAU/USDT:USDT,2026-09-13 00:00:00+00:00,4341.68,0.85,5000.0,-0.333,0.2307,0.25,0.0,0.0,0.0,hold,,,,,
2026-09-14T00:27:42+00:00,BTC/USDT:USDT,2026-09-13 00:00:00+00:00,76557.85,0.1,5000.0,-0.333,0.3575,0.25,0.0,0.0,0.0,hold,,,,,
2026-09-14T00:27:44+00:00,ETH/USDT:USDT,2026-09-13 00:00:00+00:00,2471.12,0.01,5000.0,0.333,0.4989,0.25,0.134,0.0,0.11,trade,,2471.125,0.0,0.2718,"{""ok"": true, ""executed"": [{""id"": ""809d4cea-fba1-4496-a9ee-2245e5b8e877"", ""side"": ""buy"", ""amount"": 0.11, ""filled"": 0.0, ""reduce_only"": false, ""avg"": null, ""status"": ""open""}], ""net_lots"": 0.11, ""fill_av"
2026-09-14T11:22:25+00:00,SOL/USDT:USDT,2026-09-13 00:00:00+00:00,101.66,0.01,4999.81,1.0,0.5636,1.0,4.258,0.0,2.91,trade,,101.655,0.0,0.2958,"{""ok"": false, ""executed"": [{""id"": ""ed2c4f87-0f8a-4e2f-972a-0f275e191542"", ""side"": ""buy"", ""amount"": 41.89, ""filled"": 0.0, ""reduce_only"": false, ""avg"": null, ""status"": ""open""}], ""net_lots"": 2.91, ""fill_"
2026-09-14T11:22:31+00:00,XRP/USDT:USDT,2026-09-13 00:00:00+00:00,1.4,0.0009,4999.66,-0.333,0.6525,0.25,0.0,0.0,0.0,hold,,,,,
2026-09-15T00:27:53+00:00,XAU/USDT:USDT,2026-09-14 00:00:00+00:00,4295.05,1.65,4999.55,-0.333,0.2268,0.25,0.0,0.0,0.0,hold,,,,,
2026-09-15T00:27:55+00:00,BTC/USDT:USDT,2026-09-14 00:00:00+00:00,77981.95,0.1,4999.55,0.333,0.3549,0.25,0.0,0.0,0.0,hold,,,,,
2026-09-15T00:27:58+00:00,ETH/USDT:USDT,2026-09-14 00:00:00+00:00,2507.89,0.01,4999.55,1.0,0.4808,0.25,1.248,0.11,0.5,trade,,2507.895,0.0,0.9781,"{""ok"": true, ""executed"": [{""id"": ""2e98cfbb-4db9-4e6b-95a7-02269710cf19"", ""side"": ""buy"", ""amount"": 0.39, ""filled"": 0.0, ""reduce_only"": false, ""avg"": null, ""status"": ""open""}], ""net_lots"": 0.5, ""fill_avg"
2026-09-15T00:28:04+00:00,SOL/USDT:USDT,2026-09-14 00:00:00+00:00,102.6,0.01,4998.97,1.0,0.5675,1.0,4.229,2.91,30.91,error,,,,,"InsufficientFunds: phemex {""code"":11082,""msg"":""TE_CANNOT_COVER_ESTIMATE_ORDER_LOSS"",""data"":null}"
2026-09-16T00:25:37+00:00,XAU/USDT:USDT,2026-09-15 00:00:00+00:00,4293.36,1.78,4998.53,-0.333,0.2159,0.25,0.0,0.0,0.0,hold,,,,,
2026-09-16T00:25:39+00:00,BTC/USDT:USDT,2026-09-15 00:00:00+00:00,75799.55,0.1,4998.53,-0.333,0.3918,0.25,0.0,0.0,0.0,hold,,,,,
2026-09-16T00:25:41+00:00,ETH/USDT:USDT,2026-09-15 00:00:00+00:00,2402.61,0.01,4998.53,0.333,0.5423,0.25,0.369,0.5,0.15,trade,,2402.605,-34.0202,0.8409,"{""ok"": true, ""executed"": [{""id"": ""f41624b5-3ff1-417d-8c77-8f1573f58afe"", ""side"": ""sell"", ""amount"": 0.35, ""filled"": 0.0, ""reduce_only"": true, ""avg"": null, ""status"": ""open""}], ""net_lots"": 0.15, ""fill_av"
2026-09-16T00:25:46+00:00,SOL/USDT:USDT,2026-09-15 00:00:00+00:00,97.12,0.01,4977.61,0.333,0.6357,1.0,1.259,2.91,9.67,error,,,,,"InsufficientFunds: phemex {""code"":11082,""msg"":""TE_CANNOT_COVER_ESTIMATE_ORDER_LOSS"",""data"":null}"
2026-09-17T00:25:37+00:00,XAU/USDT:USDT,2026-09-16 00:00:00+00:00,4292.06,0.88,4977.43,-0.333,0.2054,0.25,0.0,0.0,0.0,hold,,,,,
2026-09-17T00:25:40+00:00,BTC/USDT:USDT,2026-09-16 00:00:00+00:00,76412.85,0.1,4977.43,-0.333,0.3763,0.25,0.0,0.0,0.0,hold,,,,,
2026-09-17T00:25:42+00:00,ETH/USDT:USDT,2026-09-16 00:00:00+00:00,2423.86,0.01,4977.43,0.333,0.5186,0.25,0.386,0.15,0.16,hold,,,,,
2026-09-17T00:25:44+00:00,SOL/USDT:USDT,2026-09-16 00:00:00+00:00,98.94,0.01,4977.43,0.333,0.6155,1.0,1.3,2.91,9.81,trade,,98.935,0.0,0.6827,"{""ok"": true, ""executed"": [{""id"": ""19bf6488-2c8c-49d9-8ccc-fa1fab87e998"", ""side"": ""buy"", ""amount"": 6.9, ""filled"": 0.0, ""reduce_only"": false, ""avg"": null, ""status"": ""open""}], ""net_lots"": 9.81, ""fill_avg"
2026-09-17T00:25:50+00:00,XRP/USDT:USDT,2026-09-16 00:00:00+00:00,1.3,0.0008,4977.04,-0.333,0.8695,0.25,0.0,0.0,0.0,hold,,,,,
2026-09-17T00:25:53+00:00,TRX/USDT:USDT,2026-09-16 00:00:00+00:00,0.34,0.0,4977.04,-0.333,0.1862,0.25,0.0,0.0,0.0,hold,,,,,
2026-09-18T00:25:36+00:00,XAU/USDT:USDT,2026-09-17 00:00:00+00:00,4364.74,0.93,4976.64,-0.333,0.2252,0.25,0.0,0.0,0.0,hold,,,,,
2026-09-18T00:25:38+00:00,BTC/USDT:USDT,2026-09-17 00:00:00+00:00,76319.15,0.1,4976.64,-0.333,0.3585,0.25,0.0,0.0,0.0,hold,,,,,
2026-09-18T00:25:41+00:00,ETH/USDT:USDT,2026-09-17 00:00:00+00:00,2439.61,0.01,4976.64,1.0,0.4987,0.25,1.203,0.15,0.48,trade,,2439.605,0.0,0.8051,"{""ok"": false, ""executed"": [{""id"": ""59c84a19-7e9b-417a-841b-a52fb748544d"", ""side"": ""buy"", ""amount"": 0.33, ""filled"": 0.0, ""reduce_only"": false, ""avg"": null, ""status"": ""open""}], ""net_lots"": 0.48, ""fill_a"
2026-09-18T00:25:47+00:00,SOL/USDT:USDT,2026-09-17 00:00:00+00:00,101.07,0.01,4976.16,0.333,0.6118,1.0,1.308,9.81,9.66,hold,,,,,
2026-09-18T00:25:49+00:00,XRP/USDT:USDT,2026-09-17 00:00:00+00:00,1.29,0.0002,4976.16,-0.333,0.8271,0.25,0.0,0.0,0.0,hold,,,,,
2026-09-18T00:25:51+00:00,TRX/USDT:USDT,2026-09-17 00:00:00+00:00,0.33,0.0,4976.16,-0.333,0.1776,0.25,0.0,0.0,0.0,hold,,,,,
2026-09-19T00:25:37+00:00,XAU/USDT:USDT,2026-09-18 00:00:00+00:00,4386.56,0.81,4975.51,-0.333,0.2184,0.25,0.0,0.0,0.0,hold,,,,,
2026-09-19T00:25:40+00:00,BTC/USDT:USDT,2026-09-18 00:00:00+00:00,81036.75,0.1,4975.51,1.0,0.4808,0.25,1.248,0.0,0.019,trade,,81036.75,0.0,1.5397,"{""ok"": true, ""executed"": [{""id"": ""91b89563-f172-4ffe-b674-e99f008012d5"", ""side"": ""buy"", ""amount"": 0.019, ""filled"": 0.0, ""reduce_only"": false, ""avg"": null, ""status"": ""open""}], ""net_lots"": 0.019, ""fill_"
2026-09-19T00:25:46+00:00,ETH/USDT:USDT,2026-09-18 00:00:00+00:00,2612.88,0.01,4974.58,1.0,0.6065,0.359,1.419,0.48,0.54,trade,,2612.875,0.0,0.1568,"{""ok"": true, ""executed"": [{""id"": ""8a185036-d251-437c-8766-19270f89bcc5"", ""side"": ""buy"", ""amount"": 0.06, ""filled"": 0.0, ""reduce_only"": false, ""avg"": null, ""status"": ""open""}], ""net_lots"": 0.54, ""fill_av"
2026-09-19T00:25:51+00:00,SOL/USDT:USDT,2026-09-18 00:00:00+00:00,113.09,0.01,4974.49,1.0,0.8439,1.0,1.422,9.81,9.38,hold,,,,,
2026-09-19T00:25:54+00:00,XRP/USDT:USDT,2026-09-18 00:00:00+00:00,1.4,0.0002,4974.49,1.0,0.9138,0.25,0.328,0.0,174.42,trade,,1.4044,0.0,0.245,"{""ok"": true, ""executed"": [{""id"": ""1e88983a-96e3-422b-accb-c5594ff67982"", ""side"": ""buy"", ""amount"": 174.42, ""filled"": 0.0, ""reduce_only"": false, ""avg"": null, ""status"": ""open""}], ""net_lots"": 174.42, ""fil"
2026-09-19T00:26:00+00:00,TRX/USDT:USDT,2026-09-18 00:00:00+00:00,0.34,0.0,4974.35,-0.333,0.1801,0.25,0.0,0.0,0.0,hold,,,,,
2026-09-20T00:26:57+00:00,XAU/USDT:USDT,2026-09-19 00:00:00+00:00,4380.41,1.12,4973.09,-0.333,0.2079,0.25,0.0,0.0,0.0,hold,,,,,
2026-09-20T00:26:59+00:00,BTC/USDT:USDT,2026-09-19 00:00:00+00:00,81286.25,0.1,4973.09,1.0,0.4573,0.25,1.312,0.019,0.02,hold,,,,,
2026-09-20T00:27:02+00:00,ETH/USDT:USDT,2026-09-19 00:00:00+00:00,2627.88,0.01,4973.09,1.0,0.5769,1.0,4.16,0.54,1.57,trade,,2627.875,0.0,2.7067,"{""ok"": true, ""executed"": [{""id"": ""2dab0756-9fca-4a32-8112-e6541758b3e4"", ""side"": ""buy"", ""amount"": 1.03, ""filled"": 0.0, ""reduce_only"": false, ""avg"": null, ""status"": ""open""}], ""net_lots"": 1.57, ""fill_av"
2026-09-20T00:27:07+00:00,SOL/USDT:USDT,2026-09-19 00:00:00+00:00,110.73,0.01,4971.46,1.0,0.8187,1.0,1.466,9.81,9.87,hold,,,,,
2026-09-20T00:27:10+00:00,XRP/USDT:USDT,2026-09-19 00:00:00+00:00,1.41,0.0002,4971.46,1.0,0.8697,0.25,0.69,174.42,365.94,trade,,1.4058,0.0,0.2692,"{""ok"": true, ""executed"": [{""id"": ""69b1bbe8-0d10-4138-b8dc-7b54af648f1c"", ""side"": ""buy"", ""amount"": 191.52, ""filled"": 0.0, ""reduce_only"": false, ""avg"": null, ""status"": ""open""}], ""net_lots"": 365.94, ""fil"
2026-09-20T00:27:16+00:00,TRX/USDT:USDT,2026-09-19 00:00:00+00:00,0.34,0.0,4971.3,0.333,0.1726,0.25,0.0,0.0,0.0,hold,,,,,
2026-09-21T00:26:30+00:00,XAU/USDT:USDT,2026-09-20 00:00:00+00:00,4371.0,0.94,4969.15,-0.333,0.1979,0.25,0.0,0.0,0.0,hold,,,,,
2026-09-21T00:26:32+00:00,BTC/USDT:USDT,2026-09-20 00:00:00+00:00,81756.15,7.7,4969.15,1.0,0.4364,0.25,1.375,0.019,0.021,hold,,,,,
2026-09-21T00:26:35+00:00,ETH/USDT:USDT,2026-09-20 00:00:00+00:00,2686.47,0.01,4969.15,1.0,0.549,1.0,4.372,1.57,1.62,hold,,,,,
2026-09-21T00:26:38+00:00,SOL/USDT:USDT,2026-09-20 00:00:00+00:00,112.5,0.06,4969.15,1.0,0.7808,1.0,1.537,9.81,10.18,hold,,,,,
2026-09-21T00:26:40+00:00,XRP/USDT:USDT,2026-09-20 00:00:00+00:00,1.43,0.0003,4969.15,1.0,0.828,0.25,0.725,365.94,377.44,hold,,,,,
2026-09-21T00:26:42+00:00,TRX/USDT:USDT,2026-09-20 00:00:00+00:00,0.34,0.0,4969.15,0.333,0.1686,0.25,0.0,0.0,0.0,hold,,,,,
2026-09-22T00:25:38+00:00,XAU/USDT:USDT,2026-09-21 00:00:00+00:00,4366.03,1.77,4966.94,0.333,0.1882,0.25,0.0,0.0,0.0,hold,,,,,
2026-09-22T00:25:40+00:00,BTC/USDT:USDT,2026-09-21 00:00:00+00:00,86340.15,0.1,4966.94,1.0,0.5493,1.0,2.185,0.019,0.031,trade,,86340.15,0.0,1.0361,"{""ok"": true, ""executed"": [{""id"": ""9907eeec-3af5-465a-9474-dd48bcc93059"", ""side"": ""buy"", ""amount"": 0.012, ""filled"": 0.0, ""reduce_only"": false, ""avg"": null, ""status"": ""open""}], ""net_lots"": 0.031, ""fill_"
2026-09-22T00:25:46+00:00,ETH/USDT:USDT,2026-09-21 00:00:00+00:00,2769.81,0.01,4966.32,1.0,0.576,1.0,4.167,1.57,1.49,trade,,2769.805,15.5449,0.2216,"{""ok"": true, ""executed"": [{""id"": ""6a93c744-f025-4b2c-a1bd-6dd1abc16228"", ""side"": ""sell"", ""amount"": 0.08, ""filled"": 0.0, ""reduce_only"": true, ""avg"": null, ""status"": ""open""}], ""net_lots"": 1.49, ""fill_av"
2026-09-22T00:25:51+00:00,SOL/USDT:USDT,2026-09-21 00:00:00+00:00,118.94,0.01,4974.73,1.0,0.8226,1.0,1.459,9.81,9.15,hold,,,,,
2026-09-22T00:25:54+00:00,XRP/USDT:USDT,2026-09-21 00:00:00+00:00,1.53,0.0003,4974.73,1.0,0.9272,0.25,0.324,365.94,157.62,trade,,1.5318,26.3769,0.3191,"{""ok"": true, ""executed"": [{""id"": ""107ee900-6151-4ecb-b88e-342e95f288ab"", ""side"": ""sell"", ""amount"": 208.32, ""filled"": 0.0, ""reduce_only"": true, ""avg"": null, ""status"": ""open""}], ""net_lots"": 157.62, ""fil"
2026-09-22T00:26:00+00:00,TRX/USDT:USDT,2026-09-21 00:00:00+00:00,0.35,0.0,5000.59,0.333,0.1626,0.25,0.0,0.0,0.0,hold,,,,,
2026-09-23T00:24:26+00:00,XAU/USDT:USDT,2026-09-22 00:00:00+00:00,4366.02,1.07,4998.22,-0.333,0.1795,0.25,0.0,0.0,0.0,hold,,,,,
2026-09-23T00:24:28+00:00,BTC/USDT:USDT,2026-09-22 00:00:00+00:00,86474.75,0.1,4998.22,1.0,0.53,1.0,2.264,0.031,0.033,hold,,,,,
2026-09-23T00:24:30+00:00,ETH/USDT:USDT,2026-09-22 00:00:00+00:00,2759.43,0.12,4998.22,1.0,0.5586,1.0,4.296,1.49,1.56,trade,,2759.43,0.0,0.1932,"{""ok"": true, ""executed"": [{""id"": ""39f1ddd6-8b3c-49da-a171-665591167b80"", ""side"": ""buy"", ""amount"": 0.07, ""filled"": 0.0, ""reduce_only"": false, ""avg"": null, ""status"": ""open""}], ""net_lots"": 1.56, ""fill_av"
2026-09-23T00:24:34+00:00,SOL/USDT:USDT,2026-09-22 00:00:00+00:00,119.07,0.01,4998.11,1.0,0.7899,1.0,1.519,9.81,9.57,hold,,,,,
2026-09-23T00:24:37+00:00,XRP/USDT:USDT,2026-09-22 00:00:00+00:00,1.59,0.0005,4998.11,1.0,0.8837,0.25,0.679,157.62,320.13,trade,,1.5901,0.0,0.2584,"{""ok"": true, ""executed"": [{""id"": ""198e5dcc-10a8-4bc4-9d6b-7d7df6280c7f"", ""side"": ""buy"", ""amount"": 162.51, ""filled"": 0.0, ""reduce_only"": false, ""avg"": null, ""status"": ""open""}], ""net_lots"": 320.13, ""fil"
2026-09-23T00:24:43+00:00,TRX/USDT:USDT,2026-09-22 00:00:00+00:00,0.34,0.0,4997.95,0.333,0.1654,0.25,0.0,0.0,0.0,hold,,,,,
2026-09-24T00:26:08+00:00,XAU/USDT:USDT,2026-09-23 00:00:00+00:00,4293.93,1.52,4995.71,-0.333,0.1943,0.25,0.0,0.0,0.0,hold,,,,,
2026-09-24T00:26:10+00:00,BTC/USDT:USDT,2026-09-23 00:00:00+00:00,84347.65,0.1,4995.71,1.0,0.533,1.0,2.251,0.031,0.033,trade,,84347.65,0.0,0.1687,"{""ok"": true, ""executed"": [{""id"": ""cb7391e8-5a2b-4998-adaf-aba0725a928e"", ""side"": ""buy"", ""amount"": 0.002, ""filled"": 0.0, ""reduce_only"": false, ""avg"": null, ""status"": ""open""}], ""net_lots"": 0.033, ""fill_"
2026-09-24T00:26:15+00:00,ETH/USDT:USDT,2026-09-23 00:00:00+00:00,2687.51,0.01,4995.61,1.0,0.5673,1.0,4.23,1.56,1.57,hold,,,,,
2026-09-24T00:26:17+00:00,SOL/USDT:USDT,2026-09-23 00:00:00+00:00,115.3,0.01,4995.61,1.0,0.7913,1.0,1.516,9.81,9.86,hold,,,,,
2026-09-24T00:26:19+00:00,XRP/USDT:USDT,2026-09-23 00:00:00+00:00,1.5,0.0004,4995.61,1.0,0.9076,0.25,0.661,320.13,329.81,hold,,,,,
2026-09-24T00:26:21+00:00,TRX/USDT:USDT,2026-09-23 00:00:00+00:00,0.34,0.0,4995.61,0.333,0.1574,0.25,0.0,0.0,0.0,hold,,,,,
2026-09-25T00:27:33+00:00,XAU/USDT:USDT,2026-09-24 00:00:00+00:00,4275.24,1.36,4993.07,-0.333,0.1859,0.25,0.0,0.0,0.0,hold,,,,,
2026-09-25T00:27:36+00:00,BTC/USDT:USDT,2026-09-24 00:00:00+00:00,84565.65,0.1,4993.07,1.0,0.5082,1.0,2.361,0.033,0.035,hold,,,,,
2026-09-25T00:27:38+00:00,ETH/USDT:USDT,2026-09-24 00:00:00+00:00,2690.03,0.01,4993.07,1.0,0.5404,1.0,4.441,1.56,1.64,trade,,2690.035,0.0,0.2152,"{""ok"": false, ""executed"": [{""id"": ""b9880cf0-a0b4-47df-aa98-d0344d10e299"", ""side"": ""buy"", ""amount"": 0.08, ""filled"": 0.0, ""reduce_only"": false, ""avg"": null, ""status"": ""open""}], ""net_lots"": 1.64, ""fill_a"
2026-09-25T00:27:44+00:00,SOL/USDT:USDT,2026-09-24 00:00:00+00:00,117.32,0.01,4992.94,1.0,0.7542,1.0,1.591,9.81,10.16,hold,,,,,
2026-09-25T00:27:46+00:00,XRP/USDT:USDT,2026-09-24 00:00:00+00:00,1.55,0.0014,4992.94,1.0,0.8668,0.25,0.692,320.13,334.43,hold,,,,,
2026-09-25T00:27:49+00:00,TRX/USDT:USDT,2026-09-24 00:00:00+00:00,0.34,0.0,4992.94,0.333,0.1548,0.25,0.0,0.0,0.0,hold,,,,,
2026-09-26T00:25:28+00:00,XAU/USDT:USDT,2026-09-25 00:00:00+00:00,4291.5,0.37,4990.33,-0.333,0.1807,0.25,0.0,0.0,0.0,hold,,,,,
2026-09-26T00:25:30+00:00,BTC/USDT:USDT,2026-09-25 00:00:00+00:00,84011.75,0.1,4990.33,1.0,0.4863,1.0,4.935,0.033,0.072,trade,,84011.75,0.0,3.2765,"{""ok"": false, ""executed"": [{""id"": ""d7122d84-e8a0-45f8-a42c-a10721736c6c"", ""side"": ""buy"", ""amount"": 0.039, ""filled"": 0.0, ""reduce_only"": false, ""avg"": null, ""status"": ""open""}], ""net_lots"": 0.072, ""fill"
2026-09-26T00:25:35+00:00,ETH/USDT:USDT,2026-09-25 00:00:00+00:00,2688.9,0.01,4988.37,1.0,0.5145,1.0,4.665,1.64,1.73,trade,,2688.905,0.0,0.242,"{""ok"": true, ""executed"": [{""id"": ""31931f95-fb04-4ac1-a296-30cd3632cd84"", ""side"": ""buy"", ""amount"": 0.09, ""filled"": 0.0, ""reduce_only"": false, ""avg"": null, ""status"": ""open""}], ""net_lots"": 1.73, ""fill_av"
2026-09-26T00:25:41+00:00,SOL/USDT:USDT,2026-09-25 00:00:00+00:00,122.25,0.01,4988.22,1.0,0.7433,1.0,1.614,9.81,9.88,hold,,,,,
2026-09-26T00:25:43+00:00,XRP/USDT:USDT,2026-09-25 00:00:00+00:00,1.57,0.0001,4988.22,1.0,0.828,0.25,0.725,320.13,345.96,hold,,,,,
2026-09-26T00:25:45+00:00,TRX/USDT:USDT,2026-09-25 00:00:00+00:00,0.34,0.0,4988.22,0.333,0.1519,0.25,0.0,0.0,0.0,hold,,,,,
2026-09-27T00:27:41+00:00,XAU/USDT:USDT,2026-09-26 00:00:00+00:00,4286.34,1.02,4984.55,-0.333,0.1719,0.25,0.0,0.0,0.0,hold,,,,,
2026-09-27T00:27:44+00:00,BTC/USDT:USDT,2026-09-26 00:00:00+00:00,84226.75,0.1,4984.55,1.0,0.4626,1.0,5.188,0.072,0.077,trade,,84226.75,0.0,0.4211,"{""ok"": true, ""executed"": [{""id"": ""158124aa-3bc7-4971-ac0b-47add14a04d7"", ""side"": ""buy"", ""amount"": 0.005, ""filled"": 0.0, ""reduce_only"": false, ""avg"": null, ""status"": ""open""}], ""net_lots"": 0.077, ""fill_"
2026-09-27T00:27:50+00:00,ETH/USDT:USDT,2026-09-26 00:00:00+00:00,2689.98,0.01,4984.3,1.0,0.4898,1.0,4.9,1.73,1.82,trade,,2689.985,0.0,0.2421,"{""ok"": true, ""executed"": [{""id"": ""d9b3766b-4680-41de-8dd1-6955ae6e4490"", ""side"": ""buy"", ""amount"": 0.09, ""filled"": 0.0, ""reduce_only"": false, ""avg"": null, ""status"": ""open""}], ""net_lots"": 1.82, ""fill_av"
2026-09-27T00:27:55+00:00,SOL/USDT:USDT,2026-09-26 00:00:00+00:00,120.8,0.01,4984.16,1.0,0.7156,1.0,3.354,9.81,20.76,error,,,,,"InsufficientFunds: phemex {""code"":11082,""msg"":""TE_CANNOT_COVER_ESTIMATE_ORDER_LOSS"",""data"":null}"
2026-09-28T00:29:01+00:00,XAU/USDT:USDT,2026-09-27 00:00:00+00:00,4260.6,1.21,4980.28,-0.333,0.1649,0.25,0.0,0.0,0.0,hold,,,,,
2026-09-28T00:29:03+00:00,BTC/USDT:USDT,2026-09-27 00:00:00+00:00,84739.05,0.1,4980.28,1.0,0.4408,1.0,5.444,0.077,0.08,trade,,84739.05,0.0,0.2542,"{""ok"": true, ""executed"": [{""id"": ""a2b2a771-af24-447a-81fe-ea85235d0fe6"", ""side"": ""buy"", ""amount"": 0.003, ""filled"": 0.0, ""reduce_only"": false, ""avg"": null, ""status"": ""open""}], ""net_lots"": 0.08, ""fill_a"
2026-09-28T00:29:09+00:00,ETH/USDT:USDT,2026-09-27 00:00:00+00:00,2691.69,0.01,4980.13,1.0,0.4681,1.0,5.127,1.82,1.89,trade,,2691.695,0.0,0.1884,"{""ok"": false, ""executed"": [{""id"": ""aa8549ea-b06d-4581-ba00-ab9598ac3e2e"", ""side"": ""buy"", ""amount"": 0.07, ""filled"": 0.0, ""reduce_only"": false, ""avg"": null, ""status"": ""open""}], ""net_lots"": 1.89, ""fill_a"
2026-09-28T00:29:15+00:00,SOL/USDT:USDT,2026-09-27 00:00:00+00:00,122.59,0.01,4980.01,1.0,0.682,1.0,3.519,9.81,21.44,error,,,,,"InsufficientFunds: phemex {""code"":11082,""msg"":""TE_CANNOT_COVER_ESTIMATE_ORDER_LOSS"",""data"":null}"
2026-09-29T00:27:04+00:00,XAU/USDT:USDT,2026-09-28 00:00:00+00:00,4125.92,3.79,4976.06,-0.333,0.2277,0.25,0.0,0.0,0.0,hold,,,,,
2026-09-29T00:27:06+00:00,BTC/USDT:USDT,2026-09-28 00:00:00+00:00,83448.45,0.1,4976.06,1.0,0.4287,1.0,5.598,0.08,0.083,trade,,83448.45,0.0,0.2503,"{""ok"": true, ""executed"": [{""id"": ""e742d80e-434e-4944-96e9-b3f32c7924f5"", ""side"": ""buy"", ""amount"": 0.003, ""filled"": 0.0, ""reduce_only"": false, ""avg"": null, ""status"": ""open""}], ""net_lots"": 0.083, ""fill_"
2026-09-29T00:27:11+00:00,ETH/USDT:USDT,2026-09-28 00:00:00+00:00,2686.82,0.01,4975.91,1.0,0.4458,1.0,5.383,1.89,1.99,trade,,2686.825,0.0,0.2687,"{""ok"": true, ""executed"": [{""id"": ""3ba02baf-60b4-4f36-8bc5-85d51a8e57dc"", ""side"": ""buy"", ""amount"": 0.1, ""filled"": 0.0, ""reduce_only"": false, ""avg"": null, ""status"": ""open""}], ""net_lots"": 1.99, ""fill_avg"
2026-09-29T00:27:16+00:00,SOL/USDT:USDT,2026-09-28 00:00:00+00:00,118.6,0.01,4975.74,1.0,0.6806,1.0,3.526,9.81,22.19,error,,,,,"InsufficientFunds: phemex {""code"":11082,""msg"":""TE_CANNOT_COVER_ESTIMATE_ORDER_LOSS"",""data"":null}"
2026-09-30T00:29:01+00:00,XAU/USDT:USDT,2026-09-29 00:00:00+00:00,4190.88,5.56,4971.61,-0.333,0.2415,0.25,0.0,0.0,0.0,hold,,,,,
2026-09-30T00:29:04+00:00,BTC/USDT:USDT,2026-09-29 00:00:00+00:00,83526.45,0.1,4971.61,1.0,0.4078,1.0,5.885,0.083,0.087,trade,,83526.45,0.0,0.3341,"{""ok"": false, ""executed"": [{""id"": ""bcb881f6-6ef1-4f75-8c22-b9ccc01cea55"", ""side"": ""buy"", ""amount"": 0.004, ""filled"": 0.0, ""reduce_only"": false, ""avg"": null, ""status"": ""open""}], ""net_lots"": 0.087, ""fill"
2026-09-30T00:29:09+00:00,ETH/USDT:USDT,2026-09-29 00:00:00+00:00,2672.89,0.01,4971.41,1.0,0.4265,1.0,5.627,1.99,2.08,trade,,2672.895,0.0,0.2406,"{""ok"": true, ""executed"": [{""id"": ""c3759435-9092-421a-89b0-ca2c8371740c"", ""side"": ""buy"", ""amount"": 0.09, ""filled"": 0.0, ""reduce_only"": false, ""avg"": null, ""status"": ""open""}], ""net_lots"": 2.08, ""fill_av"
2026-09-30T00:29:15+00:00,SOL/USDT:USDT,2026-09-29 00:00:00+00:00,118.84,0.01,4971.27,1.0,0.6481,1.0,3.703,9.81,23.24,error,,,,,"InsufficientFunds: phemex {""code"":11082,""msg"":""TE_CANNOT_COVER_ESTIMATE_ORDER_LOSS"",""data"":null}"
2026-10-01T00:30:23+00:00,XAU/USDT:USDT,2026-09-30 00:00:00+00:00,4150.27,0.55,4966.96,-0.333,0.2312,0.25,0.0,0.0,0.0,hold,,,,,
2026-10-01T00:30:26+00:00,BTC/USDT:USDT,2026-09-30 00:00:00+00:00,83408.85,0.1,4966.96,1.0,0.3883,1.0,6.181,0.087,0.092,trade,,83408.85,0.0,0.417,"{""ok"": true, ""executed"": [{""id"": ""18e476a1-a41b-47c2-884b-cdc944623d48"", ""side"": ""buy"", ""amount"": 0.005, ""filled"": 0.0, ""reduce_only"": false, ""avg"": null, ""status"": ""open""}], ""net_lots"": 0.092, ""fill_"
2026-10-01T00:30:31+00:00,ETH/USDT:USDT,2026-09-30 00:00:00+00:00,2680.3,0.01,4966.71,1.0,0.4057,1.0,5.916,2.08,2.18,trade,,2680.295,0.0,0.268,"{""ok"": true, ""executed"": [{""id"": ""72352c7b-d073-416e-b376-14c7bbb4c405"", ""side"": ""buy"", ""amount"": 0.1, ""filled"": 0.0, ""reduce_only"": false, ""avg"": null, ""status"": ""open""}], ""net_lots"": 2.18, ""fill_avg"
2026-10-01T00:30:37+00:00,SOL/USDT:USDT,2026-09-30 00:00:00+00:00,117.95,0.01,4966.55,1.0,0.6227,1.0,3.854,9.81,24.34,error,,,,,"InsufficientFunds: phemex {""code"":11082,""msg"":""TE_CANNOT_COVER_ESTIMATE_ORDER_LOSS"",""data"":null}"
2026-10-02T00:28:38+00:00,XAU/USDT:USDT,2026-10-01 00:00:00+00:00,4172.88,1.85,4962.02,-0.333,0.2256,0.25,0.0,0.0,0.0,hold,,,,,
2026-10-02T00:28:40+00:00,BTC/USDT:USDT,2026-10-01 00:00:00+00:00,84768.65,0.1,4962.02,1.0,0.3765,1.0,6.374,0.092,0.093,hold,,,,,
2026-10-02T00:28:43+00:00,ETH/USDT:USDT,2026-10-01 00:00:00+00:00,2704.89,0.01,4962.02,1.0,0.3868,1.0,6.205,2.18,2.27,trade,,2704.895,0.0,0.2434,"{""ok"": true, ""executed"": [{""id"": ""d08c2fcd-da50-4136-9921-659b2fe8d8a8"", ""side"": ""buy"", ""amount"": 0.09, ""filled"": 0.0, ""reduce_only"": false, ""avg"": null, ""status"": ""open""}], ""net_lots"": 2.27, ""fill_av"
2026-10-02T00:28:49+00:00,SOL/USDT:USDT,2026-10-01 00:00:00+00:00,118.68,0.01,4961.88,1.0,0.5925,1.0,4.051,9.81,25.4,error,,,,,"InsufficientFunds: phemex {""code"":11082,""msg"":""TE_CANNOT_COVER_ESTIMATE_ORDER_LOSS"",""data"":null}"
2026-10-03T00:26:45+00:00,XAU/USDT:USDT,2026-10-02 00:00:00+00:00,4151.76,0.93,4957.24,-0.333,0.2171,0.25,0.0,0.0,0.0,hold,,,,,
2026-10-03T00:26:47+00:00,BTC/USDT:USDT,2026-10-02 00:00:00+00:00,84494.35,0.1,4957.24,1.0,0.361,1.0,6.649,0.092,0.098,trade,,84494.35,0.0,0.507,"{""ok"": true, ""executed"": [{""id"": ""261641cb-2ce6-45ed-b6f3-5123c98eacc1"", ""side"": ""buy"", ""amount"": 0.006, ""filled"": 0.0, ""reduce_only"": false, ""avg"": null, ""status"": ""open""}], ""net_lots"": 0.098, ""fill_"
2026-10-03T00:26:52+00:00,ETH/USDT:USDT,2026-10-02 00:00:00+00:00,2669.99,0.01,4956.93,1.0,0.3813,1.0,6.295,2.27,2.33,trade,,2669.995,0.0,0.1602,"{""ok"": true, ""executed"": [{""id"": ""4df50ceb-df48-4260-a4be-2cdfde3fcad1"", ""side"": ""buy"", ""amount"": 0.06, ""filled"": 0.0, ""reduce_only"": false, ""avg"": null, ""status"": ""open""}], ""net_lots"": 2.33, ""fill_av"
2026-10-03T00:26:57+00:00,SOL/USDT:USDT,2026-10-02 00:00:00+00:00,118.88,0.01,4956.84,1.0,0.564,1.0,4.256,9.81,26.62,error,,,,,"InsufficientFunds: phemex {""code"":11082,""msg"":""TE_CANNOT_COVER_ESTIMATE_ORDER_LOSS"",""data"":null}"
2026-10-04T03:20:23+00:00,XAU/USDT:USDT,2026-10-03 00:00:00+00:00,4149.16,0.1,4952.03,-0.333,0.2068,0.25,0.0,0.0,0.0,hold,,,,,
2026-10-04T03:20:25+00:00,BTC/USDT:USDT,2026-10-03 00:00:00+00:00,84762.05,0.1,4952.03,1.0,0.3433,1.0,6.99,0.098,0.101,trade,,84762.05,0.0,0.2543,"{""ok"": true, ""executed"": [{""id"": ""9a302c28-2d11-4f5f-be12-4557ea64379d"", ""side"": ""buy"", ""amount"": 0.003, ""filled"": 0.0, ""reduce_only"": false, ""avg"": null, ""status"": ""open""}], ""net_lots"": 0.101, ""fill_"
2026-10-04T03:20:31+00:00,ETH/USDT:USDT,2026-10-03 00:00:00+00:00,2691.39,0.01,4951.87,1.0,0.3639,1.0,6.595,2.33,2.43,trade,,2691.395,0.0,0.2691,"{""ok"": true, ""executed"": [{""id"": ""ac7fa328-9e8a-4e0d-9b4b-67c11f933a6c"", ""side"": ""buy"", ""amount"": 0.1, ""filled"": 0.0, ""reduce_only"": false, ""avg"": null, ""status"": ""open""}], ""net_lots"": 2.43, ""fill_avg"
2026-10-04T03:20:36+00:00,SOL/USDT:USDT,2026-10-03 00:00:00+00:00,120.16,0.01,4951.71,1.0,0.5369,1.0,4.47,9.81,27.63,error,,,,,"InsufficientFunds: phemex {""code"":11082,""msg"":""TE_CANNOT_COVER_ESTIMATE_ORDER_LOSS"",""data"":null}"
2026-10-05T00:30:29+00:00,XAU/USDT:USDT,2026-10-04 00:00:00+00:00,4157.07,7.93,4946.7,-1.0,0.197,0.25,0.0,0.0,0.0,hold,,,,,
2026-10-05T00:30:31+00:00,BTC/USDT:USDT,2026-10-04 00:00:00+00:00,86227.85,0.1,4946.7,1.0,0.3428,1.0,7.001,0.101,0.1,hold,,,,,
2026-10-05T00:30:33+00:00,ETH/USDT:USDT,2026-10-04 00:00:00+00:00,2719.09,0.01,4946.7,1.0,0.3535,1.0,6.79,2.43,2.47,hold,,,,,
2026-10-05T00:30:35+00:00,SOL/USDT:USDT,2026-10-04 00:00:00+00:00,120.88,0.01,4946.7,1.0,0.5147,1.0,4.663,9.81,28.62,error,,,,,"InsufficientFunds: phemex {""code"":11082,""msg"":""TE_CANNOT_COVER_ESTIMATE_ORDER_LOSS"",""data"":null}"
2026-10-06T00:31:07+00:00,XAU/USDT:USDT,2026-10-05 00:00:00+00:00,4150.82,1.45,4941.68,-1.0,0.1881,0.25,0.0,0.0,0.0,hold,,,,,
2026-10-06T00:31:09+00:00,BTC/USDT:USDT,2026-10-05 00:00:00+00:00,85825.75,0.1,4941.68,1.0,0.3352,1.0,7.159,0.101,0.103,hold,,,,,
2026-10-06T00:31:12+00:00,ETH/USDT:USDT,2026-10-05 00:00:00+00:00,2713.66,0.01,4941.68,1.0,0.3409,1.0,7.04,2.43,2.55,trade,,2713.665,0.0,0.3256,"{""ok"": false, ""executed"": [{""id"": ""212ef6ba-7e70-4fbc-bc30-e3b2349f1a74"", ""side"": ""buy"", ""amount"": 0.12, ""filled"": 0.0, ""reduce_only"": false, ""avg"": null, ""status"": ""open""}], ""net_lots"": 2.55, ""fill_a"
2026-10-06T00:31:17+00:00,SOL/USDT:USDT,2026-10-05 00:00:00+00:00,120.84,0.01,4941.48,1.0,0.4947,1.0,4.851,9.81,29.76,error,,,,,"InsufficientFunds: phemex {""code"":11082,""msg"":""TE_CANNOT_COVER_ESTIMATE_ORDER_LOSS"",""data"":null}"
2026-10-07T00:31:53+00:00,XAU/USDT:USDT,2026-10-06 00:00:00+00:00,4162.36,1.81,4936.37,-1.0,0.1842,0.25,0.0,0.0,0.0,hold,,,,,
2026-10-07T00:31:55+00:00,BTC/USDT:USDT,2026-10-06 00:00:00+00:00,85388.85,0.1,4936.37,1.0,0.3205,1.0,7.489,0.101,0.107,trade,,85388.85,0.0,0.5123,"{""ok"": false, ""executed"": [{""id"": ""c93d8d50-7468-4b2e-8c3a-863f04930892"", ""side"": ""buy"", ""amount"": 0.006, ""filled"": 0.0, ""reduce_only"": false, ""avg"": null, ""status"": ""open""}], ""net_lots"": 0.107, ""fill"
2026-10-07T00:32:01+00:00,ETH/USDT:USDT,2026-10-06 00:00:00+00:00,2693.39,0.01,4936.07,1.0,0.3268,1.0,7.345,2.55,2.69,trade,,2693.385,0.0,0.3771,"{""ok"": true, ""executed"": [{""id"": ""ffafa33e-ac40-4e0d-aecb-e7d52a1cd0ba"", ""side"": ""buy"", ""amount"": 0.14, ""filled"": 0.0, ""reduce_only"": false, ""avg"": null, ""status"": ""open""}], ""net_lots"": 2.69, ""fill_av"
2026-10-07T00:32:07+00:00,SOL/USDT:USDT,2026-10-06 00:00:00+00:00,120.32,0.01,4935.84,1.0,0.4715,1.0,5.09,9.81,31.32,error,,,,,"InsufficientFunds: phemex {""code"":11082,""msg"":""TE_CANNOT_COVER_ESTIMATE_ORDER_LOSS"",""data"":null}"
